{
  "feature_mean": [
    203.28480529785156,
    0.10746429860591888,
    1264.451171875,
    1263.185302734375,
    119.72919464111328,
    0.010901660658419132,
    0.9891257882118225,
    4.839817120227963e-05,
    0.035255830734968185,
    -1.1613446474075317,
    -0.29658886790275574,
    -0.34782516956329346,
    13.0625,
    12.901424407958984,
    0.12052784115076065,
    0.003276718547567725,
    0.00038442949880845845,
    0.03394821658730507,
    0.0011163318995386362,
    0.00020594437955878675
  ],
  "feature_std": [
    209.63027954101562,
    0.02492597885429859,
    728.10693359375,
    727.0656127929688,
    50.66666793823242,
    0.0626995787024498,
    0.06270291656255722,
    0.00025692416238598526,
    0.183767169713974,
    6.944659233093262,
    2.5472283363342285,
    2.7165744304656982,
    14.422405242919922,
    14.212080955505371,
    4.5156073570251465,
    0.16705644130706787,
    0.019599365070462227,
    1.8866922855377197,
    0.09443050622940063,
    0.014347929507493973
  ],
  "target_dp_std": 2.813849449157715,
  "target_dsg_std": 0.0022323119919747114
}