{
  "dataset_shape": {
    "X_train": [
      580,
      10116,
      9
    ],
    "Y_train": [
      580,
      10116
    ],
    "X_val": [
      72,
      10116,
      9
    ],
    "Y_val": [
      72,
      10116
    ],
    "X_test": [
      73,
      10116,
      9
    ],
    "Y_test": [
      73,
      10116
    ]
  },
  "spatial_summary": {
    "n_cells": 10116,
    "n_unique_X": 403,
    "n_unique_Z": 346,
    "X_min": 12.5,
    "X_max": 4987.5,
    "Z_min": 0.25,
    "Z_max": 99.75,
    "X_count_min": 1,
    "X_count_max": 100,
    "X_count_mean": 25.101736972704714,
    "Z_count_min": 1,
    "Z_count_max": 101,
    "Z_count_mean": 29.23699421965318,
    "X_count_histogram": {
      "1": 302,
      "99": 2,
      "97": 88,
      "98": 10,
      "100": 1
    },
    "Z_count_histogram": {
      "1": 186,
      "2": 59,
      "101": 88,
      "95": 1,
      "77": 1,
      "75": 1,
      "73": 1,
      "71": 1,
      "67": 1,
      "63": 1,
      "51": 1,
      "50": 1,
      "60": 1,
      "74": 1,
      "87": 1,
      "81": 1
    }
  },
  "status_summary": {
    "dt_days_unique": [
      5.0
    ],
    "inj_status_unique": [
      0,
      1
    ],
    "prod_status_unique": [
      0,
      1
    ],
    "inj_status_count": 60,
    "prod_status_count": 60,
    "both_on": 0,
    "both_off": 26,
    "inj_changes": [
      29,
      72,
      102
    ],
    "prod_changes": [
      42,
      72,
      115
    ],
    "sequence_length": 146
  },
  "feature_importance_summary": {
    "correlation_with_Y": {
      "Perm_initial": -0.17057643819648619,
      "Poro_initial": -0.13293527838989358,
      "P(t)": 0.9965909492489547,
      "inj_BHP": -0.03721850914238294,
      "prod_BHP": 0.3088183082230077,
      "inj_H2": 0.26929927382072844,
      "prod_H2": -0.25888608460796597,
      "dt_days": NaN,
      "t_index": -0.6497057806231037
    },
    "correlation_with_delta_Y": {
      "Perm_initial": -0.024785383644518134,
      "Poro_initial": -0.005991486129183744,
      "P(t)": 0.010575560952793026,
      "inj_BHP": -0.06853415323699213,
      "prod_BHP": 0.04341052925558252,
      "inj_H2": 0.4367137518899826,
      "prod_H2": -0.4466341940842265,
      "dt_days": NaN,
      "t_index": -0.07578770665132424
    },
    "mutual_info_with_Y": {
      "Perm_initial": 0.5788099829164501,
      "Poro_initial": 0.3808593537490914,
      "P(t)": 7.194267063882702,
      "inj_BHP": 2.20948588121005,
      "prod_BHP": 1.4552719703694668,
      "inj_H2": 0.4423299619059722,
      "prod_H2": 1.2844002521361002,
      "dt_days": 0.031587801923247394,
      "t_index": 2.7055628580080944
    },
    "mutual_info_with_delta_Y": {
      "Perm_initial": 0.6367362931693448,
      "Poro_initial": 0.4199735256948758,
      "P(t)": 5.236526260140507,
      "inj_BHP": 2.4509637570392497,
      "prod_BHP": 1.5306269248886533,
      "inj_H2": 0.8097384246369015,
      "prod_H2": 1.528444967630056,
      "dt_days": 0.0,
      "t_index": 2.832568396718143
    },
    "ablation": {
      "base_rmse": 3.5429776489989293,
      "results": [
        {
          "feature": "Perm_initial",
          "rmse": 3.546860239225629,
          "delta_rmse": 0.0038825902266999
        },
        {
          "feature": "Poro_initial",
          "rmse": 3.5429807823503583,
          "delta_rmse": 3.1333514289855202e-06
        },
        {
          "feature": "P(t)",
          "rmse": 30.078153429864603,
          "delta_rmse": 26.535175780865675
        },
        {
          "feature": "inj_BHP",
          "rmse": 3.546887184419066,
          "delta_rmse": 0.003909535420136834
        },
        {
          "feature": "prod_BHP",
          "rmse": 3.5601469847806477,
          "delta_rmse": 0.01716933578171842
        },
        {
          "feature": "inj_H2",
          "rmse": 3.5854774573288686,
          "delta_rmse": 0.04249980832993927
        },
        {
          "feature": "prod_H2",
          "rmse": 3.7000000605910808,
          "delta_rmse": 0.15702241159215147
        },
        {
          "feature": "dt_days",
          "rmse": 3.5429776489989298,
          "delta_rmse": 4.440892098500626e-16
        },
        {
          "feature": "t_index",
          "rmse": 3.560292089628869,
          "delta_rmse": 0.017314440629939476
        }
      ]
    }
  },
  "interpolation_errors": [
    {
      "nx": 64,
      "nz": 32,
      "snapshot": 0,
      "rmse": 0.648559552055865,
      "mae": 0.2480986207828348
    },
    {
      "nx": 64,
      "nz": 32,
      "snapshot": 73,
      "rmse": 11.391646822396288,
      "mae": 3.972276570324983
    },
    {
      "nx": 64,
      "nz": 32,
      "snapshot": 145,
      "rmse": 8.292218926879702,
      "mae": 2.969335326928059
    },
    {
      "nx": 128,
      "nz": 64,
      "snapshot": 0,
      "rmse": 0.6275451746605437,
      "mae": 0.2326168288549761
    },
    {
      "nx": 128,
      "nz": 64,
      "snapshot": 73,
      "rmse": 11.432358961840787,
      "mae": 3.798420786978632
    },
    {
      "nx": 128,
      "nz": 64,
      "snapshot": 145,
      "rmse": 8.369798742537906,
      "mae": 2.8487756640364457
    },
    {
      "nx": 256,
      "nz": 128,
      "snapshot": 0,
      "rmse": 0.463963848386108,
      "mae": 0.172900409086104
    },
    {
      "nx": 256,
      "nz": 128,
      "snapshot": 73,
      "rmse": 8.588979717337283,
      "mae": 2.8650072627624246
    },
    {
      "nx": 256,
      "nz": 128,
      "snapshot": 145,
      "rmse": 6.297589277064252,
      "mae": 2.1464670003737907
    }
  ]
}