{
  "dataset": {
    "train_samples": 5260320,
    "val_samples": 606960,
    "test_samples": 1466820,
    "cells_per_sample": 10116,
    "features": [
      "Perm_initial",
      "Poro_initial",
      "P(t)",
      "inj_BHP",
      "prod_BHP",
      "inj_H2",
      "prod_H2",
      "inj_status",
      "prod_status"
    ]
  },
  "delta_p_statistics": {
    "train": {
      "mean": -0.6183385848999023,
      "std": 4.3281331062316895,
      "min": -75.21958923339844,
      "max": 5.679782867431641,
      "median": -0.028076171875
    },
    "val": {
      "mean": -0.31360697746276855,
      "std": 2.717581033706665,
      "min": -14.539680480957031,
      "max": 3.9114761352539062,
      "median": 1.52587890625e-05
    },
    "test": {
      "mean": -0.5870425701141357,
      "std": 4.176975250244141,
      "min": -52.21435546875,
      "max": 3.865093231201172,
      "median": -0.036746978759765625
    }
  },
  "baseline_performance_test_set": {
    "persistence": {
      "rmse": 4.218026049530282,
      "mae": 2.0068331372830372,
      "r2": -0.01975218854884231,
      "relative_error": 0.9998057021311408
    },
    "linear": {
      "rmse": 4.175586435396562,
      "mae": 2.176121950149536,
      "r2": 0.0006648898124694824,
      "relative_error": 148.9413604736328
    },
    "mlp": {
      "rmse": 3.3614115374964224,
      "mae": 0.9900215268135071,
      "r2": 0.35238105058670044,
      "relative_error": 138.02667236328125
    }
  },
  "feature_ablation_linear": {
    "Perm_initial": {
      "rmse": 4.176295306802912,
      "mae": 2.178159713745117,
      "r2": 0.0003255605697631836,
      "relative_error": 183.40972900390625,
      "delta_rmse": 0.0007088714063492318
    },
    "Poro_initial": {
      "rmse": 4.175586435396562,
      "mae": 2.176121950149536,
      "r2": 0.0006648898124694824,
      "relative_error": 148.9413604736328,
      "delta_rmse": 0.0
    },
    "P(t)": {
      "rmse": 4.175593743963129,
      "mae": 2.1762616634368896,
      "r2": 0.0006613731384277344,
      "relative_error": 148.90777587890625,
      "delta_rmse": 7.308566567054697e-06
    },
    "inj_BHP": {
      "rmse": 4.175533219510573,
      "mae": 2.1756632328033447,
      "r2": 0.0006904006004333496,
      "relative_error": 148.4275360107422,
      "delta_rmse": -5.321588598938831e-05
    },
    "prod_BHP": {
      "rmse": 4.175603564829309,
      "mae": 2.176152229309082,
      "r2": 0.0006567239761352539,
      "relative_error": 149.03929138183594,
      "delta_rmse": 1.7129432746898487e-05
    },
    "inj_H2": {
      "rmse": 4.175586663789462,
      "mae": 2.1761224269866943,
      "r2": 0.000664830207824707,
      "relative_error": 148.94219970703125,
      "delta_rmse": 2.2839289925968842e-07
    },
    "prod_H2": {
      "rmse": 4.175585750217791,
      "mae": 2.1761181354522705,
      "r2": 0.0006651878356933594,
      "relative_error": 148.93624877929688,
      "delta_rmse": -6.851787714978741e-07
    },
    "inj_status": {
      "rmse": 4.175586435396562,
      "mae": 2.176121950149536,
      "r2": 0.0006648898124694824,
      "relative_error": 148.94139099121094,
      "delta_rmse": 0.0
    },
    "prod_status": {
      "rmse": 4.175586435396562,
      "mae": 2.176121950149536,
      "r2": 0.0006648898124694824,
      "relative_error": 148.94139099121094,
      "delta_rmse": 0.0
    }
  },
  "phase_dependent_performance": {
    "Injection": {
      "Persistence": {
        "rmse": 1.85831110874307,
        "mae": 1.6648662746573242,
        "r2": -3.014305334310059,
        "relative_error": 0.9998006458415711
      },
      "Linear": {
        "rmse": 2.3805168725393098,
        "mae": 2.1894514560699463,
        "r2": -5.587430953979492,
        "relative_error": 162.2745819091797
      },
      "MLP": {
        "rmse": 0.47307128654259883,
        "mae": 0.3379291296005249,
        "r2": 0.739848256111145,
        "relative_error": 157.73025512695312
      }
    },
    "Production": {
      "Persistence": {
        "rmse": 3.6787147205892388,
        "mae": 2.542766750702128,
        "r2": -0.8222464996634227,
        "relative_error": 0.9999480601296151
      },
      "Linear": {
        "rmse": 3.3174365704357855,
        "mae": 2.3338067531585693,
        "r2": -0.4819045066833496,
        "relative_error": 47.267730712890625
      },
      "MLP": {
        "rmse": 1.5431157681886971,
        "mae": 1.118013620376587,
        "r2": 0.6793642640113831,
        "relative_error": 172.55149841308594
      }
    },
    "Shut-in": {
      "Persistence": {
        "rmse": 7.781042188596873,
        "mae": 1.5798303898144375,
        "r2": -0.03259421826092823,
        "relative_error": 0.9994943273413024
      },
      "Linear": {
        "rmse": 7.693206405958929,
        "mae": 1.7875386476516724,
        "r2": -0.009413003921508789,
        "relative_error": 348.8934326171875
      },
      "MLP": {
        "rmse": 7.556068901624293,
        "mae": 2.2044060230255127,
        "r2": 0.026253461837768555,
        "relative_error": 14.212100982666016
      }
    }
  }
}