{
  "model": "ST-GNN v3",
  "case": "Case_0005_wj.mat",
  "winner_loss_config": "0.7P+0.3Sg",
  "alpha_P": 0.7,
  "alpha_Sg": 0.3,
  "training_epochs": 60,
  "rollout_steps": 142,
  "step_1_P_rmse": 0.10080122947692871,
  "step_10_P_rmse": 2.2427330017089844,
  "step_50_P_rmse": 72.44732666015625,
  "step_146_P_rmse": 31.662452697753906,
  "step_1_Sg_rmse": 0.0009220285573974252,
  "step_10_Sg_rmse": 0.0034855359699577093,
  "step_50_Sg_rmse": 0.028324482962489128,
  "step_146_Sg_rmse": 0.02936476469039917,
  "mean_pressure_rmse": 27.150124835926043,
  "mean_saturation_rmse": 0.018108022963287125,
  "rmse_P_series": [
    0.10080122947692871,
    0.19441571831703186,
    0.3371449112892151,
    0.5009421110153198,
    0.7005980014801025,
    0.935114860534668,
    1.2092883586883545,
    1.5196901559829712,
    1.8665577173233032,
    2.2427330017089844,
    2.650662660598755,
    3.083622455596924,
    3.5353996753692627,
    3.9989843368530273,
    4.471907138824463,
    4.950611591339111,
    5.4293131828308105,
    5.901954650878906,
    6.369571208953857,
    6.827002048492432,
    7.271798133850098,
    7.705905437469482,
    8.123262405395508,
    8.525452613830566,
    8.909042358398438,
    9.272773742675781,
    10.222991943359375,
    11.334775924682617,
    12.48923397064209,
    13.614959716796875,
    14.662643432617188,
    15.589481353759766,
    16.358381271362305,
    16.940603256225586,
    17.331012725830078,
    17.55113410949707,
    17.644180297851562,
    17.654273986816406,
    17.610973358154297,
    54.33417892456055,
    62.8173828125,
    68.27952575683594,
    70.55744171142578,
    71.60289001464844,
    72.22953033447266,
    72.52066040039062,
    72.65876007080078,
    72.6715087890625,
    72.60350036621094,
    72.44732666015625,
    72.2051010131836,
    71.87641906738281,
    71.44438171386719,
    70.90797424316406,
    70.27703857421875,
    67.59102630615234,
    63.56972122192383,
    59.29594421386719,
    55.079185485839844,
    50.998043060302734,
    47.156089782714844,
    43.607566833496094,
    40.43208694458008,
    37.693912506103516,
    35.423858642578125,
    33.60560989379883,
    32.15391159057617,
    30.991851806640625,
    30.06899642944336,
    28.406436920166016,
    27.348892211914062,
    26.76847267150879,
    26.501070022583008,
    26.425264358520508,
    26.43425750732422,
    26.481821060180664,
    26.507688522338867,
    26.493328094482422,
    26.418025970458984,
    26.28181266784668,
    26.085315704345703,
    25.838891983032227,
    25.55195426940918,
    25.235708236694336,
    24.903215408325195,
    24.563472747802734,
    24.225955963134766,
    23.899572372436523,
    23.591934204101562,
    23.306930541992188,
    23.04962730407715,
    22.82323455810547,
    22.63141632080078,
    22.480003356933594,
    22.374107360839844,
    22.322542190551758,
    22.33806037902832,
    22.444149017333984,
    22.680356979370117,
    22.4136905670166,
    22.268518447875977,
    22.214916229248047,
    22.20623779296875,
    22.215621948242188,
    22.228609085083008,
    22.242483139038086,
    22.26750946044922,
    22.3342342376709,
    22.56663703918457,
    23.16006088256836,
    24.198637008666992,
    25.693838119506836,
    26.57258415222168,
    26.617219924926758,
    26.476459503173828,
    25.78830909729004,
    25.273839950561523,
    24.561256408691406,
    23.98090362548828,
    23.312419891357422,
    22.77025604248047,
    22.221389770507812,
    21.782962799072266,
    21.36372947692871,
    21.099767684936523,
    20.892189025878906,
    20.887035369873047,
    21.07505226135254,
    21.549861907958984,
    22.317047119140625,
    23.369653701782227,
    24.664566040039062,
    26.17008399963379,
    27.450822830200195,
    28.33575439453125,
    29.033227920532227,
    29.64527702331543,
    30.183883666992188,
    30.652095794677734,
    31.053625106811523,
    31.388866424560547,
    31.662452697753906
  ],
  "rmse_Sg_series": [
    0.0009220285573974252,
    0.0013563333777710795,
    0.0017123650759458542,
    0.002035239478573203,
    0.002297053812071681,
    0.0025315694510936737,
    0.0027576955035328865,
    0.0029676039703190327,
    0.003183314111083746,
    0.0034855359699577093,
    0.0036893209908157587,
    0.0038148388266563416,
    0.0040664044208824635,
    0.004167170729488134,
    0.004194428212940693,
    0.004319873638451099,
    0.004338353406637907,
    0.004305695183575153,
    0.0043368954211473465,
    0.004340960644185543,
    0.004445771686732769,
    0.004540943540632725,
    0.004688366781920195,
    0.004904576111584902,
    0.005161399953067303,
    0.005509975366294384,
    0.005305145867168903,
    0.0052012004889547825,
    0.005163599271327257,
    0.00516980467364192,
    0.00517853582277894,
    0.005186745896935463,
    0.00519780907779932,
    0.005209184717386961,
    0.005220458377152681,
    0.005230176728218794,
    0.005237427540123463,
    0.005241683218628168,
    0.005244104657322168,
    0.02067006565630436,
    0.022197546437382698,
    0.023462539538741112,
    0.024245917797088623,
    0.024734316393733025,
    0.025162218138575554,
    0.025632599368691444,
    0.02622273564338684,
    0.026878710836172104,
    0.027586961165070534,
    0.028324482962489128,
    0.029036153107881546,
    0.029651077464222908,
    0.03016509674489498,
    0.03064844198524952,
    0.031099386513233185,
    0.03020394593477249,
    0.028637951239943504,
    0.02727724052965641,
    0.02616625651717186,
    0.025289837270975113,
    0.024548493325710297,
    0.023988477885723114,
    0.023511944338679314,
    0.023107126355171204,
    0.0227473396807909,
    0.022495876997709274,
    0.022255368530750275,
    0.022040097042918205,
    0.021824512630701065,
    0.021230198442935944,
    0.020606033504009247,
    0.02038722299039364,
    0.020326584577560425,
    0.02021709829568863,
    0.02010447159409523,
    0.020000899210572243,
    0.01992948167026043,
    0.01988019235432148,
    0.019829779863357544,
    0.01977117732167244,
    0.01970602571964264,
    0.019613096490502357,
    0.01949560083448887,
    0.019361309707164764,
    0.019213156774640083,
    0.019063537940382957,
    0.01893734745681286,
    0.018858639523386955,
    0.018784282729029655,
    0.018711185082793236,
    0.01866317167878151,
    0.018647704273462296,
    0.01867579109966755,
    0.018750842660665512,
    0.018875589594244957,
    0.019064828753471375,
    0.019319674000144005,
    0.019615648314356804,
    0.019932687282562256,
    0.01999276503920555,
    0.020038653165102005,
    0.020086966454982758,
    0.020143713802099228,
    0.02020685002207756,
    0.02027439884841442,
    0.020344141870737076,
    0.02041414938867092,
    0.02048408053815365,
    0.020554661750793457,
    0.020624684169888496,
    0.020694628357887268,
    0.02076677232980728,
    0.02092536725103855,
    0.02127871662378311,
    0.021721672266721725,
    0.02210533246397972,
    0.022451255470514297,
    0.022774625569581985,
    0.023114070296287537,
    0.023457927629351616,
    0.023810619488358498,
    0.02418777346611023,
    0.024551579728722572,
    0.02494058944284916,
    0.025356993079185486,
    0.025798549875617027,
    0.026275381445884705,
    0.02677617035806179,
    0.02731909789144993,
    0.027884144335985184,
    0.028487611562013626,
    0.029174717143177986,
    0.029849061742424965,
    0.030116159468889236,
    0.030014000833034515,
    0.029876571148633957,
    0.029753684997558594,
    0.02964729256927967,
    0.02955654077231884,
    0.02948024682700634,
    0.029416708275675774,
    0.02936476469039917
  ]
}