{
  "X_mean": [
    203.31581225195433,
    0.10764802551981888,
    120.70285207242298,
    122.64227883569126,
    69.93833871381037,
    3.52692556216799,
    2.2432174426985196,
    5.0,
    72.0
  ],
  "X_std": [
    209.8465213018797,
    0.024918705222214184,
    50.762485933221164,
    74.13651874553392,
    49.01008310160406,
    4.197881106040495,
    3.581334819835331,
    0.0,
    41.8568990729127
  ],
  "Y_mean": 120.11603546142578,
  "Y_std": 50.98041534423828,
  "feature_names": [
    "Perm",
    "Poro",
    "P(t)",
    "inj_BHP",
    "prod_BHP",
    "inj_H2",
    "prod_H2",
    "dt_days",
    "t_index"
  ]
}